Name,Email,Phone,Credit Card,Medical Diagnosis,API Key,SSN
David Trujillo,nicholsmark@yahoo.com,338-499-6051,9055447276708200,Asthma,0fdb0cdc76be4c44bb061c56019cd442,491-23-6952
Brandon Velazquez,erinbowen@wood.info,+1 377-246-6758,8067293653862750,Psoriasis,e7acb5b764de4ff1bfd0467a8d08e619,798-36-3459
Mary Mitchell,jamesgates@gmail.com,859-335-7130,8377152827425400,Hypothyroidism,23be7b2213164ba9b926352b175ff2ee,056-55-0515
Carol Rodriguez,john32@gmail.com,+1 630-564-6109,2216615629177510,Irritable Bowel Syndrome,aca61793e9784e3e9ddd4f813a3a7d14,376-07-5946
Brandon Franklin,briggstina@dunn.biz,856-305-9936,3702938826443590,Depression,a2064fd528124e26b82c5a89e4e3b14d,711-31-9167
Kristine Wilson,pclark@yahoo.com,+1 238-229-2418,1300485461874720,Celiac Disease,b06200ca865f4acfb7b44c3372239dd3,085-83-5229
Amanda Johnson,carmen38@gmail.com,257-493-4934,5472159971734670,Anemia,b02cd15325fd4c848d5af084bca81a78,891-56-2145
Melissa Martinez,ehawkins@gmail.com,409-533-5967,1357626184526330,COPD,ab3aa8ac6f3b4fa99f203efc1a8f5341,530-60-2845
Nicholas Jones,nowen@gmail.com,+1 726-532-8459,4841504277005830,Asthma,904ff37917dd4cd0bf556874651b55a0,852-24-3423
Sean Hammond,jadesimon@hotmail.com,+1 635-623-9165,3100644208016960,Irritable Bowel Syndrome,d0912629e9f44f4993ce2794f2b69ee7,408-72-8561
Shelley Moore,jacksonveronica@gmail.com,260-533-8018,5815164863823820,Hypothyroidism,b65bebf509e54b6fa67636cd044971c6,304-44-3235
Luis Gray,willismichelle@montgomery.net,+1 241-812-4617,7111096675307020,Epilepsy,efed9abfc22d4457a2969db8bfc48fc6,651-12-5800
Daniel Allen,mejiamichael@yahoo.com,688-207-7696,4508809620601790,Anemia,b4428ed65a7e42c0bbfa2dad91d1eb7d,203-46-5946
Richard George,greenchristina@yahoo.com,548-286-3194,4919940146924320,Hypertension,fd90ff2f883b44c485f639bbfe70c765,323-68-7727
Kimberly Morrow,bmiranda@adams.info,+1 495-922-8765,6868095139331690,Hypothyroidism,f176e952c10a405780c9b6580feab85b,837-21-9036
William Jones,steelelance@chapman-russell.com,264-730-4351,4701801195297520,Arthritis,1ce249900c20499ca59bd16d83186552,077-01-1590
Kathleen Smith,jessicafigueroa@yahoo.com,515-400-8136,7210720174919420,Allergies,24a26b973c014671a7ac8e5264f52236,801-15-1412
Jacob Holder,maldonadogregory@hotmail.com,263-563-5327,7437038895524220,Celiac Disease,53e8d53d7dd545289ae5c03930a59667,050-08-7176
Miranda Mitchell,kevin15@weber-coleman.com,+1 655-289-4475,4173954413232180,Anxiety Disorder,ad4a0dcfc51648e6a6c942492decd758,290-93-4785
Dr. Kristen Duran DVM,thompsonlance@campos-matthews.org,840-752-1168,3586679375382870,Migraine,b431f9ac503849e38395433bdab93ab6,861-54-5996
James Turner,josephadams@yahoo.com,+1 488-797-9623,5767225086638400,Anxiety Disorder,cc7582b5aecc473ab2341ad5d6a2bf8b,365-29-3191
Timothy Parrish,kristin78@gmail.com,538-640-3659,8822400159996910,Asthma,e3ace35a41da4661bb26781c210b1df1,651-44-6579
William Johnson,kennethporter@yahoo.com,+1 174-742-1184,4347672628273820,Psoriasis,eccce90fbb1e432e9fcc311732730c1c,243-34-0460
Mandy Bowers,ronald09@brandt-burton.com,999-806-8895,2052175582520920,Gout,7ef5ad512d9d4717af3741cac540d04c,813-70-3092
Mary Donaldson,banksjohn@johnson-martinez.org,+1 642-247-6842,8015896335315680,Psoriasis,f4dd17e9abb14544a919520492247f63,233-72-4315
Kim Martin,rhondawillis@hotmail.com,829-119-6028,2950061808477560,Epilepsy,5e7f2ba2207c4df6b15c29c6577399b0,266-09-9842
Molly Wilkins,robin25@kennedy.org,797-643-8312,3818962101803590,Hypertension,fc023258052443e0a320b324d6019dad,567-73-3026
Michael Andrews,baldwindaniel@yahoo.com,730-539-8499,8269574732373190,Gout,83409993e9e346a98ee227a8d83e7b86,425-40-9865
Hannah Banks,samanthakelly@hotmail.com,+1 964-136-9756,731396231984357,Coronary Artery Disease,c23a7b9230a84729b050af9f27f7f46c,799-44-7974
Sherry Thompson,kerickson@hotmail.com,863-820-2058,7285610041940030,Depression,5a07049ca4624bc98a0638f2d56ac148,106-32-2557
Ashley Ward,mhunt@hotmail.com,+1 220-631-4387,9608411399598670,Celiac Disease,2de82bb5ee2c466da4da194eb4711628,144-08-3274
Samantha Singleton,fsolomon@gmail.com,133-570-7017,4442318495641380,Coronary Artery Disease,feb8bfe06ac0482eb2f8cdc6aac08525,282-13-7936
Daniel Owens,robert64@morris.com,+1 829-836-9073,7141420452006120,Psoriasis,c030602beee547a68a2d06a900674801,061-70-3225
Mrs. Gina Evans,ronaldellis@arnold-molina.com,267-354-2924,2137481626802390,Celiac Disease,7e46c1aaa18f477ab604b80a8c742f0f,652-50-1876
Rachel Sanchez,sanderssara@hotmail.com,303-682-7482,4762937645578990,Asthma,24342f09fd27498ba09a4ff5c40f6094,812-19-9595
David Wright,timothygreen@gmail.com,696-781-6655,4709468609105460,Coronary Artery Disease,d2fdd0effb3442378447ce1ab2d7d970,487-16-3211
Teresa Reynolds,kmichael@haynes.com,+1 607-425-3827,6547113834759960,Anxiety Disorder,4a7d36050c284956aadc76d106e7e769,469-38-1947
Christopher Ramirez,sarah37@burns-bush.com,+1 707-654-1466,6751260621386700,Migraine,cf5e79aec5d8481e99dde12ee319400a,411-81-0933
Jessica Cabrera,dorothysmith@becker.org,268-722-1091,6082993622563390,COPD,1ade00c20ff144328d4eacb64444e2e0,065-41-8576
Ashley Tucker,kevinjackson@mccoy.com,+1 552-569-5780,7536880270765700,Epilepsy,671ed7756efe4035916a6f01e613edfc,297-04-9240
Joel Harper,donaldmiller@barnett.com,311-874-3539,836017852294466,Allergies,e89a7b7a6c3a4de7a70f34e2eb0fd31d,491-25-5287
Marcus Clark,ethan50@gmail.com,+1 490-484-8152,1735344506864120,Coronary Artery Disease,c3021ca8f82a410f92808d337dc9bcf6,819-24-6716
Mr. Brandon Wood,ihaynes@yahoo.com,452-118-7435,1472571858491050,Celiac Disease,4339b63201bd4425921ebe87f65e577a,517-45-3336
Daniel Steele,bjackson@wong.com,884-181-3170,4353862096342760,Coronary Artery Disease,21f8663e6e354ea59a75a089fc0b638b,067-25-2301
Devin Goodwin,tyrone11@yahoo.com,+1 763-273-3733,9085185412210010,Coronary Artery Disease,7241eee281234d68bdf7ca09f00ee2d6,592-59-7839
Katrina Yoder,epena@hotmail.com,225-322-1690,4467860891904150,Epilepsy,0a5866ffb12e404dadfb68295125fbf1,451-04-8042
Mrs. Sheri Lowe DVM,jamesmark@scott-french.com,980-353-7088,7793264510679350,Asthma,a302b221088c44c58062735529a29417,121-95-0907
Jessica Hayes,matthew53@hunter-maynard.com,+1 681-333-1208,5897355446084290,Hypothyroidism,645ae5cc0b5c473789ec8ede75cf0999,860-75-3912
Stephanie Holmes,vegadavid@stafford.com,673-850-7179,5098025140099330,Anemia,258d0e4d13274c12872c1cf325b8e886,216-05-1254
Jacob Simmons,nicole38@miller.com,892-194-8962,6831236685362510,Epilepsy,f3ab0d2aa703499b8f75705e264cc476,786-61-7454
Amy Pope,timothy19@yahoo.com,+1 903-301-6409,196582799522154,Arthritis,89ee6912a80b41d8b1089840e85b8646,214-21-1225
Nicholas Glover,ryan56@thompson.org,+1 704-429-9956,7884433795652350,Depression,bde20a0b1df84b89aad7e1552f7933ba,424-31-5004
Robert Holmes,pwood@williams-evans.net,820-194-5100,6734021496333800,Psoriasis,ede7e6e499f646f38de46532aa8dc1f2,052-98-1341
Stephanie Smith,wglover@yahoo.com,+1 551-805-3564,8210755240688310,Celiac Disease,38cb4918a70e4650aaf2c849659b17da,519-68-9867
David Roberts,ashley04@stafford.com,+1 291-625-1969,4390931500347370,Diabetes Type 2,bccb25ce6dc04f698f392e058441549d,856-01-0111
Kelsey Davis,cynthia69@yahoo.com,611-458-1427,6229151876961580,Diabetes Type 2,484bc84d9a5d4df4a61d50e2287a7752,137-14-3844
Ashley Evans,irodriguez@hayes.com,867-120-3994,9438269524171830,Celiac Disease,616d4f3fc9c8412598439e2ab56a459e,160-34-1384
Paula Chang,jessicaschmidt@woods-wilson.com,584-578-8901,774037671243548,Psoriasis,251316c30d4f48828b92bb0151dc51a6,532-14-9894
Carmen Mcdaniel,lberger@goodwin.net,+1 615-177-2575,8084018947398800,Anemia,14767dcc004f446094178e368ad81782,209-03-8672
Scott Cox,hollandjoseph@garcia.com,180-373-6475,8717641725040230,Asthma,89914bcfd1ce49fa93c28bbad0e1f3e4,318-85-8630
Stephanie Montoya,james48@gmail.com,152-878-6636,6270435563111510,Celiac Disease,701be059809c4e509073c996792417d2,188-21-4283
Crystal Castro,jennifer79@yahoo.com,532-440-4460,1833230652812360,Anxiety Disorder,2cb165d5cad84fc9b1303feeb96350a6,325-26-5247
Joe Woods,paynelauren@mathis-watts.info,+1 430-802-8145,6686325847088410,Hypertension,2fc297ad5e2946ff9f939952022a7f7a,402-04-3309
Melissa Nelson,leedavid@hotmail.com,+1 777-680-8658,6017183063470690,Hypothyroidism,8b5dbd0ba28b4e6fa384d7dfa1960754,649-49-5497
Tyler Walker,ostokes@sanchez.com,+1 360-793-2574,766406517493363,COPD,776136bf54bb4138887aa32bc6607c1b,022-97-5359
Kenneth Diaz,nroach@yahoo.com,484-882-9782,666049669212603,Epilepsy,2feae65e23f745a9b8f4587f36574b53,852-30-4798
Jeffrey Espinoza,laurierowland@hotmail.com,536-396-5545,5927964573554940,Parkinson's Disease,9fa5b178599d4d3ba999e3b81e3f46dd,179-46-3186
Julie Murphy,jeff20@gmail.com,944-801-2816,5134057682596740,Epilepsy,e6464d9e0c604bb2b71442ff7def827a,789-01-2593
Barbara Rodriguez,zanderson@hotmail.com,964-315-9191,1249259729226290,Allergies,da6a6abc58b74716aef3e1e759561765,641-93-9156
Andrew Lewis,linda71@gmail.com,138-585-8374,5576040900483750,Hypothyroidism,3365cb1f43494539bd51572fbfbb83ff,689-69-5845
Matthew Heath,butlerrobin@hotmail.com,+1 585-278-4710,3906994870583460,Anxiety Disorder,d95837be4c494abda00b6fed1e9f3ff0,847-06-8066
Lindsay Estes,faithboyd@bell.info,831-784-2834,5080769873962580,COPD,578d71936a5d4b199f252cedec566a28,387-82-1524
William Freeman,rodneygutierrez@yahoo.com,574-235-3219,6845321989586050,Psoriasis,336545fa6dee493d852ef20f5d94b577,364-99-9194
Kenneth Odom,gabriellebrown@parker.com,+1 687-513-3848,7405253201920820,Chronic Kidney Disease,4b17a442a7784512b3b1de12a58a7879,104-43-0489
Jacob Edwards,hendersonmary@hotmail.com,452-961-1613,7248375707217480,Hypothyroidism,9b05b7203e6141b48fcada4af8228395,542-95-0167
Megan Johnson,jennifer93@hernandez.info,+1 164-951-2178,615878981709850,Epilepsy,ddb94f502ffb414eb5ad07556d69c5cd,424-27-6854
Robert Dixon,pmcpherson@carr.com,+1 633-628-9462,3323909603064770,Depression,c6b70a26495c4d9fb12247508a96a820,681-06-9531
Bradley Sanders,echambers@yahoo.com,+1 988-892-6263,1274148935499250,Parkinson's Disease,a219a080697c446391e0b3e85f878469,392-14-9680
Angel Watson,thardy@hotmail.com,793-240-9906,696900258451549,Gout,4352b78b87484b958e8dbe91671ef905,665-65-5867
Jon Hines,sarahjohnson@hotmail.com,491-157-9169,9527158738712590,Irritable Bowel Syndrome,f899f47fc373436286e187a1d0970174,036-20-4434
Mary Ward,xjones@gmail.com,525-508-4075,3284855107255190,Chronic Kidney Disease,d05c8fc2926f485192ac566dfd4bb294,146-23-8271
Melvin Brown,kellyrose@franklin-hunt.biz,+1 131-232-8616,3017623440126180,Hypertension,09458edf25754980852ec9e2e96753a5,395-68-2142
Adam Harmon,jmartinez@yahoo.com,629-819-5478,810864739851348,Depression,856e51b7cb5b4fb3a244054782b68b25,523-74-8829
David Brown,julielane@stone-frye.com,757-618-3746,3164367283904940,Migraine,aa5fa67e75fe44a89d83e026cc96dcaf,375-42-9844
Kristina Anderson,katherine10@arroyo.com,520-495-9374,6638546968502750,Anemia,67345f2f98d44228a7ca7a737090e511,157-69-5027
Bradley Spencer,hernandezcarla@yahoo.com,+1 611-165-1592,5061229647672520,Migraine,9afc9345629f416ea74fdd5a3cccfb06,143-78-5373
Natasha Young,markenglish@yahoo.com,+1 712-319-1353,6357971034392270,Coronary Artery Disease,1d2f96771e1b43ca8a8e7f28f47514e9,832-79-9687
Frances Davis,breanna82@brown-miller.com,932-262-6184,6462696020724720,Allergies,ef02cb7f14554343ae922f2badc4a422,537-07-2439
Lonnie Rivera,christopherjones@hotmail.com,438-867-3641,9213598902380670,Epilepsy,a95bd3c636c34e2a890a8f9509585b95,645-91-9789
Shane Hill,darlene24@beard-gonzales.com,414-639-2937,8184480548104630,Psoriasis,6e3a89530d06495e9d8eb9ebbc91760b,198-02-1237
Heather Woods,beckann@gmail.com,+1 842-618-9295,3594400743223640,Hypertension,14931c3679844086be99d4783746ae8a,268-05-5387
Darren Oneal,hflores@hotmail.com,+1 108-520-4948,5968510973614990,Parkinson's Disease,9c2fc6626df5422fb1c582ea026c9ec2,536-01-8077
Ryan Castaneda,amanda87@davis-hall.biz,+1 935-115-5957,4813722998088820,Coronary Artery Disease,300dd9776b5048758d5d6f8f9ff352bb,216-68-3822
Michael Norman,mbass@clark.com,+1 919-394-7765,1035300538819960,Hypothyroidism,ea39e013372346f19a47b15d4b05c1f1,752-10-2107
Andrew Harris,sean57@gmail.com,+1 950-831-3767,4401083414202400,Parkinson's Disease,c7743494f8614457bccb01feb168909c,836-15-6386
Sheena Grant,alexandercampbell@baldwin.org,546-321-3267,7671319054060990,Depression,aedb607a98d547aabc8b8812855ea967,312-56-0537
Marc Lopez,wheelermark@gmail.com,695-129-1987,9924827334035010,Psoriasis,f73c12638829443fb1fb4df2919d13b2,864-84-7893
Elizabeth Howard,brentfletcher@ortiz.com,+1 189-828-4322,3288453711352740,Asthma,0ebb2716eeab4fa68bcc171d37dfef5a,502-16-3258
Anthony Jones,alexis66@yahoo.com,+1 424-134-4449,7235399428360780,Hypertension,3022d5e0432a4673b08181028ef33ea4,810-71-0990
Stacey Case,dominguezjoseph@fuller-collins.com,+1 110-747-7681,557780005838053,Irritable Bowel Syndrome,cbb718e463244bad94c25f9eb981757c,421-07-8147